"This ASCII file matches Table 3 in McConnell & Ma 2013 (ApJ, 764, 184).",,,,,,,,,,,,,,
,,,,,,,,,,,,,,
Col. 1: Galaxy,,,,,,,,,,,,,,
Col. 2: Distance (Mpc),,,,,,,,,,,,,,
Col. 3: MBH (Msun),,,,,,,,,,,,,,
Col. 4: MBH lower (68%),,,,,,,,,,,,,,
Col. 5: MBH upper (68%),,,,,,,,,,,,,,
Col. 6: method,,,,,,,,,,,,,,
Col. 7: sigma (km/s),,,,,,,,,,,,,,
Col. 8: sigma lower (68%),,,,,,,,,,,,,,
Col. 9: sigma upper (68%),,,,,,,,,,,,,,
Col. 10: log(LV/Lsun),,,,,,,,,,,,,,
Col. 11: error in log(LV/Lsun),,,,,,,,,,,,,,
Col. 12: Mbulge/Msun,,,,,,,,,,,,,,
Col. 13: radius of influence (arcsec),,,,,,,,,,,,,,
"Col. 14: Morphology -- (E)lliptical, S0, (S)piral",,,,,,,,,,,,,,
"Col. 15: Profile -- (P)ower-law, (I)ntermediate, (C)ore, (U)ndetermined",,,,,,,,,,,,,,
,,,,,,,,,,,,,,
MW,0.008,4.10E+06,3.50E+06,4.70E+06,star,103,83,123,0,0,0,43,S,N/A
A1836,157.5,3.90E+09,3.30E+09,4.30E+09,gas,288,274,302,11.26,0.06,0,0.27,E,C
A3565,54.4,1.40E+09,1.20E+09,1.70E+09,gas,322,306,338,11.24,0.06,0,0.22,E,C
Circ,4,1.70E+06,1.40E+06,2.10E+06,maser,158,140,176,0,0,0,0.02,S,N/A
IC1459,30.9,2.80E+09,1.60E+09,3.90E+09,star,315,299,331,10.96,0.06,3.07E+11,0.81,E,C
N221,0.73,2.60E+06,2.10E+06,3.10E+06,star,75,72,78,8.52,0.02,7.62E+08,0.57,E,I
N224,0.73,1.40E+08,1.10E+08,2.20E+08,star,160,152,168,0,0,0,6.5,S,N/A
N524,24.2,8.60E+08,8.20E+08,9.60E+08,star,235,223,247,10.62,0.04,0,0.57,S0,C
N821,23.4,1.70E+08,9.20E+07,2.40E+08,star,209,199,219,10.36,0.05,1.92E+11,0.14,E,I
N1023,10.5,4.00E+07,3.60E+07,4.40E+07,star,205,195,215,10.06,0.11,6.49E+10,0.08,S0,P
N1194,55.5,6.80E+07,6.50E+07,7.10E+07,maser,147.9,125.9,173.8,0,0,0,0.05,S0,U
N1300,20.1,7.10E+07,5.30E+07,1.05E+08,gas,218,208,228,0,0,0,0.07,S,N/A
N1316,21,1.70E+08,1.40E+08,2.00E+08,star,226,215,237,11.18,0.05,0,0.14,E,I
N1332,22.7,1.50E+09,1.30E+09,1.70E+09,star,328,312,344,10.16,0.05,0,0.54,S0,P
N1374,19.6,5.90E+08,5.40E+08,6.50E+08,star,174,165,183,10.1,0.05,5.79E+10,0.89,E,C
N1399,20.9,5.10E+08,4.40E+08,5.70E+08,star,296,281,311,10.78,0.04,3.98E+11,0.25,E,C
N1399,20.9,1.30E+09,6.30E+08,1.80E+09,star,296,281,311,10.78,0.04,3.98E+11,0.63,E,C
N1407,29,4.70E+09,4.20E+09,5.40E+09,star,274,260,288,11.05,0.05,1.00E+12,1.9,E,C
N1550,53,3.90E+09,3.20E+09,4.60E+09,star,289,275,303,10.87,0.05,0,0.78,E,I
N2273,26.8,7.80E+06,7.40E+06,8.20E+06,maser,144.5,128.8,162.2,0,0,0,0.01,S,N/A
N2549,12.7,1.40E+07,1.00E+07,1.50E+07,star,145,138,152,9.55,0.04,1.99E+10,0.05,S0,P
N2787,7.5,4.10E+07,3.60E+07,4.50E+07,gas,189,180,198,0,0,0,0.14,S0,P
N2960,75.3,1.21E+07,1.16E+07,1.26E+07,maser,166,151.3,182,0,0,0,0.01,S,N/A
N3031,4.1,8.00E+07,6.90E+07,1.00E+08,gas,143,136,150,0,0,0,0.85,S,N/A
N3091,52.7,3.70E+09,3.20E+09,3.80E+09,star,307,292,322,11,0.05,0,0.66,E,C
N3115,9.5,8.90E+08,6.20E+08,1.40E+09,star,230,219,241,10.34,0.02,1.57E+11,1.6,S0,P
N3227,17,1.50E+07,7.00E+06,2.00E+07,star,133,121,145,0,0,0,0.04,S,N/A
N3245,21.5,2.20E+08,1.60E+08,2.70E+08,gas,205,195,215,0,0,7.00E+10,0.21,S0,P
N3368,10.6,7.60E+06,6.10E+06,9.20E+06,star,122,98,150,0,0,0,0.04,S,N/A
N3377,11,1.80E+08,8.50E+07,2.70E+08,star,145,138,152,9.93,0.04,2.35E+10,0.69,E,P
N3379,10.7,4.20E+08,3.10E+08,5.20E+08,star,206,196,216,10.29,0.01,6.86E+10,0.83,E,C
N3384,11.5,1.10E+07,5.90E+06,1.60E+07,star,143,136,150,9.89,0.09,1.90E+10,0.04,S0,P
N3393,53.6,3.30E+07,3.10E+07,3.50E+07,maser,147.9,138,158.5,0,0,0,0.03,S,N/A
N3489,12,6.00E+06,5.10E+06,6.80E+06,star,100,89,115,0,0,0,0.04,S0,U
N3585,20.6,3.30E+08,2.70E+08,4.80E+08,star,213,203,223,10.66,0.08,1.60E+11,0.31,S0,I
N3607,22.6,1.40E+08,9.00E+07,1.80E+08,star,229,218,240,0,0,0,0.1,E,C
N3608,22.8,4.70E+08,3.70E+08,5.70E+08,star,182,173,191,10.34,0.04,7.66E+10,0.55,E,C
N3842,98.4,9.70E+09,7.20E+09,1.27E+10,star,270,256,284,11.2,0.05,1.55E+12,1.2,E,C
N3998,14.3,8.50E+08,7.80E+08,9.20E+08,star,272,258,286,9.91,0.04,0,0.71,S0,P
N4026,13.4,1.80E+08,1.50E+08,2.40E+08,star,180,171,189,9.73,0.08,2.81E+10,0.37,S0,P
N4258,7,3.67E+07,3.66E+07,3.68E+07,maser,115,105,125,0,0,0,0.35,S,N/A
N4261,32.6,5.30E+08,4.20E+08,6.40E+08,gas,315,300,330,11,0.02,8.26E+11,0.15,E,C
N4291,26.6,9.80E+08,6.70E+08,1.29E+09,star,242,230,254,10.25,0.05,9.96E+10,0.56,E,C
N4342,23,4.60E+08,3.10E+08,7.20E+08,star,225,214,236,0,0,1.80E+10,0.35,S0,P
N4374,18.5,9.20E+08,8.40E+08,1.02E+09,gas,296,282,310,10.98,0.02,3.62E+11,0.51,E,C
N4388,19.8,8.80E+06,8.60E+06,9.00E+06,maser,107.2,100,114.8,0,0,0,0.03,S,N/A
N4459,16,7.00E+07,5.60E+07,8.30E+07,gas,167,159,175,10.31,0.02,0,0.14,E,P
N4472,16.7,2.50E+09,2.40E+09,3.10E+09,star,300,285,315,11.05,0.05,8.98E+11,1.3,E,C
N4473,15.2,8.90E+07,4.50E+07,1.34E+08,star,190,181,199,10.29,0.02,1.61E+11,0.15,E,C
N4486,16.7,6.20E+09,5.80E+09,6.50E+09,star,324,308,352,11.08,0.02,1.31E+12,3.1,E,C
N4486A,18.4,1.40E+07,8.90E+06,1.90E+07,star,111,106,116,9.48,0.02,0,0.06,E,P
N4564,15.9,8.80E+07,6.40E+07,1.12E+08,star,162,154,170,0,0,4.66E+10,0.19,S0,P
N4594,10,6.70E+08,6.30E+08,7.20E+08,star,230,218,242,0,0,0,1.1,S,N/A
N4596,18,8.40E+07,5.90E+07,1.20E+08,gas,136,130,142,0,0,0,0.22,S0,P
N4649,16.5,4.70E+09,3.70E+09,5.80E+09,star,341,324,358,10.99,0.02,7.72E+11,2.2,E,C
N4697,12.5,2.00E+08,1.80E+08,2.20E+08,star,177,169,185,10.46,0.04,1.29E+11,0.46,E,P
N4736,5,6.80E+06,5.20E+06,8.40E+06,star,112,106,118,0,0,0,0.1,S,N/A
N4826,7.3,1.60E+06,1.20E+06,2.00E+06,star,96,91,101,0,0,0,0.02,S,N/A
N4889   103.2   2.1e10  5.5e9   3.7e10  star    347     330     364,11.48,0.05,1.75E+12,1.5,E,C,,,,,,,,
N5077,44.9,8.00E+08,4.70E+08,1.30E+09,gas,222,211,233,10.75,0.05,3.66E+11,0.32,E,C
N5128,4.1,5.90E+07,4.90E+07,7.00E+07,star,150,143,157,10.6,0.03,0,0.6,S0/E,C
N5516,60.1,4.00E+09,2.90E+09,4.10E+09,star,306,280,332,11.22,0.05,0,0.63,E,C
N5576,25.7,1.70E+08,1.30E+08,2.00E+08,star,183,174,192,10.39,0.05,9.58E+10,0.18,E,C
N5845,25.9,4.90E+08,3.30E+08,6.40E+08,star,234,223,245,9.75,0.05,3.36E+10,0.31,E,P
N6086,139.1,3.80E+09,2.60E+09,5.50E+09,star,318,302,334,11.23,0.05,1.43E+12,0.24,E,C
N6251,106,6.00E+08,4.00E+08,8.00E+08,gas,290,276,304,0,0,5.60E+11,0.06,E,P
N6264,145.4,3.03E+07,2.99E+07,3.08E+07,maser,158.5,144.5,173.8,0,0,0,0.01,S,N/A
N6323,110.5,9.80E+06,9.70E+06,9.90E+06,maser,158.5,134.9,186.2,0,0,0,0.003,S,N/A
N7052,70.9,4.00E+08,2.40E+08,6.80E+08,gas,266,253,279,10.92,0.04,3.50E+11,0.07,E,C
N7582,22.3,5.50E+07,4.40E+07,7.10E+07,gas,156,137,175,0,0,0,0.09,S,N/A
N7619,53.9,2.30E+09,2.20E+09,3.50E+09,star,313,297,329,11.07,0.05,0,0.39,E,C
N7768,112.8,1.30E+09,9.00E+08,1.80E+09,star,257,244,270,11.09,0.05,1.16E+12,0.14,E,C
U3789,48.4,1.08E+07,1.03E+07,1.14E+07,maser,107.2,95.5,120.2,0,0,0,0.02,S,N/A
